prompt,response
What is ARKx?,ARKx is an organization on a mission to unleash Africa's tech potential by future-proofing people and organizations. They combine Ed-Tech and access to world-class technology experts to make high-potential career paths in tech accessible to African & Arab Youth.
What programs does ARKx offer?,"ARKx offers a variety of programs, including Nano Degrees in Agile Culture, Advanced Git/GitHub, Clean Code, Docker, API Testing with Postman, Microservices, Tailwind, and Unit Testing. They also offer Full-Stack JavaScript MERN and Full-Stack Angular, Java/Spring programs."
How can ARKx help my career?,"ARKx helps elevate your career by providing tailored IT training programs that meet industry demands, equipping you with practical skills and theoretical knowledge necessary to excel in the fast-growing field of IT."
What is the learning approach at ARKx?,"The learning approach at ARKx includes a lifecycle of 90% practice. It involves five steps: Discover (What), Explore (Why), Understand (When), Practice (How), and Master. This approach ensures learners grasp the knowledge thoroughly through continuous practice."
What certifications can I get from ARKx?,"At ARKx, you can earn certifications in various fields, including Agile Culture, Advanced Git/GitHub, Clean Code, Docker, API Testing with Postman, Microservices, Tailwind, Unit Testing, and Full-Stack development with JavaScript MERN or Angular, Java/Spring."
What are the benefits of enrolling in ARKx courses?,"Enrolling in ARKx courses provides you with practical skills, official recognition of your skills through certifications, improved self-confidence, clear objectives, motivation, and networking opportunities."
What is the pricing for ARKx courses?,"The pricing for ARKx Nano Degree courses is typically 499 MAD per course. Full-time bootcamps are priced at 3,000 Dhs for a 1-month bootcamp and 25,000 Dhs for a 6-month Full-Stack program, with payment plans available."
How can I enroll in ARKx courses?,"You can enroll in ARKx courses directly through their website by selecting the desired course and following the enrollment process. Payment can be made online, and you'll gain immediate access to course materials."
What is included in the ARKx Full-Stack programs?,"The ARKx Full-Stack programs include up to 80 quizzes and challenges, 3 projects, certification, and career coaching. The programs cover JavaScript MERN or Angular, Java/Spring frameworks and are designed to make you job-ready."
What kind of support does ARKx provide during the courses?,"ARKx provides support through quizzes, challenges, projects, and career coaching. They aim to ensure that learners not only understand the material but are also able to apply it practically in real-world situations."
What do ARKx customers say about their experience?,"Customers of ARKx have expressed satisfaction with the coaching and courses. Testimonials highlight the valuable new perspectives, improved career transitions, and the supportive environment provided by ARKx."
How can I contact ARKx?,You can contact ARKx via email at contact@arkx.academy or by phone at +212 526 874 63. They are available to answer any queries and provide additional information about their offerings.
What is the process for resetting my password on ARKx?,"If you need to reset your password, you can do so by entering your email on the login page and following the instructions to create a new password. The password must meet specific security criteria, including length and character requirements."
What cookies does the ARKx website use?,"The ARKx website uses necessary, functional, analytics, and marketing cookies to provide an optimal experience, track website performance, and deliver relevant advertising. Users can manage their cookie preferences on the website."
How can I start learning at ARKx?,"You can start learning at ARKx by signing up for a free account on their website. Once registered, you can browse through their course catalog and enroll in the courses that best suit your needs."
What does ARKx's Full-Stack JavaScript MERN program include?,"The Full-Stack JavaScript MERN program includes training in HTML, CSS, JavaScript, and advanced topics in Front-End Development. It also covers React, Angular, and how to build dynamic applications with a focus on practical, hands-on learning."
"What does ARKx's Full-Stack Angular, Java / Spring program include?","The Full-Stack Angular, Java / Spring program covers HTML, CSS, JavaScript, and Front-End Development, with a deep dive into Angular, data binding, event handling, services, and routing to enhance application organization."
What is the ARKx Nano Degree: Docker course about?,"The ARKx Nano Degree: Docker course teaches you how to create, deploy, and manage containerized applications efficiently, with a focus on fostering collaboration and scalability."
What are the requirements to enroll in ARKx courses?,"There are no strict prerequisites to enroll in ARKx courses. However, having a basic understanding of the subject matter might be beneficial depending on the course level. Each course is designed to cater to different skill levels, from beginners to advanced professionals."
Can I get a certificate from ARKx?,"Yes, ARKx offers certificates upon completion of their courses. These certificates can boost your confidence, validate your skills, and enhance your professional profile."
What is the purpose of the quizzes and challenges in ARKx courses?,The quizzes and challenges in ARKx courses are designed to enhance your learning outcomes and facilitate a deeper understanding of the subject matter. They help you apply what you've learned in practical scenarios.
What is the ARKx approach to learning?,"The ARKx approach to learning is highly practical, with a focus on hands-on experience. Their learning lifecycle includes stages such as Discover, Explore, Understand, Practice, and Master, ensuring that learners thoroughly grasp the concepts and can apply them effectively."
What is the customer feedback on ARKx courses?,"Customers have provided positive feedback on ARKx courses, praising the valuable insights, practical approach, and the supportive environment provided by the coaches and educators."